{
  "cameras": [
    {
      "cam_index": 0,
      "image_name": "001001.png",
      "mask_folder": "001001",
      "width": 3722,
      "height": 2093,
      "K": [
        [
          3013.2240690447743,
          0.0,
          1861.0
        ],
        [
          0.0,
          3013.2240690447743,
          1046.5
        ],
        [
          0.0,
          0.0,
          1.0
        ]
      ],
      "R": [
        [
          -0.6335878784909956,
          0.0993913416984836,
          -0.7672599047419689
        ],
        [
          -0.07011272250437939,
          0.9802567548775324,
          0.18488077417620583
        ],
        [
          0.7704872525696346,
          0.17093289827398525,
          -0.61411020013948
        ]
      ],
      "T": [
        5.075771418035723,
        -0.750576377790142,
        5.180023620223495
      ]
    },
    {
      "cam_index": 1,
      "image_name": "002001.png",
      "mask_folder": "002001",
      "width": 3733,
      "height": 2099,
      "K": [
        [
          3017.96631229101,
          0.0,
          1866.5
        ],
        [
          0.0,
          3017.96631229101,
          1049.5
        ],
        [
          0.0,
          0.0,
          1.0
        ]
      ],
      "R": [
        [
          -0.540236896210115,
          0.12736489408047275,
          -0.8318186579592528
        ],
        [
          -0.053308026507107996,
          0.9813148325281588,
          0.18487686109989324
        ],
        [
          0.839822808861,
          0.14421991268927362,
          -0.5233529081802444
        ]
      ],
      "T": [
        4.848376038511742,
        -0.7771229818160535,
        4.517273704067264
      ]
    },
    {
      "cam_index": 2,
      "image_name": "003001.png",
      "mask_folder": "003001",
      "width": 3719,
      "height": 2091,
      "K": [
        [
          3014.168329051376,
          0.0,
          1859.5
        ],
        [
          0.0,
          3014.168329051376,
          1045.5
        ],
        [
          0.0,
          0.0,
          1.0
        ]
      ],
      "R": [
        [
          -0.3968287674940951,
          0.12364223602312657,
          -0.9095270896242285
        ],
        [
          -0.06277521673100023,
          0.9849103453214061,
          0.16127890079996401
        ],
        [
          0.9157435238392317,
          0.12109586760112892,
          -0.38307909026261977
        ]
      ],
      "T": [
        4.81874778884127,
        -0.6294173748435695,
        3.6751241418131797
      ]
    },
    {
      "cam_index": 3,
      "image_name": "004001.png",
      "mask_folder": "004001",
      "width": 3728,
      "height": 2096,
      "K": [
        [
          3012.4813886865177,
          0.0,
          1864.0
        ],
        [
          0.0,
          3012.4813886865177,
          1048.0
        ],
        [
          0.0,
          0.0,
          1.0
        ]
      ],
      "R": [
        [
          -0.31111882964630255,
          0.08311433959379187,
          -0.946729676514581
        ],
        [
          -0.10811862697643664,
          0.9866057093216973,
          0.1221455559345515
        ],
        [
          0.9442009512493861,
          0.1403608951514571,
          -0.29796540532759264
        ]
      ],
      "T": [
        4.454196247837201,
        -0.4789839289697758,
        3.3776918072996014
      ]
    },
    {
      "cam_index": 4,
      "image_name": "005001.png",
      "mask_folder": "005001",
      "width": 3744,
      "height": 2105,
      "K": [
        [
          3012.9224905720866,
          0.0,
          1872.0
        ],
        [
          0.0,
          3012.9224905720866,
          1052.5
        ],
        [
          0.0,
          0.0,
          1.0
        ]
      ],
      "R": [
        [
          -0.18043840533322064,
          0.09597620966447479,
          -0.9788925114941097
        ],
        [
          -0.08017090965157805,
          0.9904812930223015,
          0.1118902740121248
        ],
        [
          0.9803135249125371,
          0.09866800571264546,
          -0.17102636499161883
        ]
      ],
      "T": [
        4.136985325410558,
        -0.3845024428961285,
        2.7943484636358815
      ]
    },
    {
      "cam_index": 5,
      "image_name": "006001.png",
      "mask_folder": "006001",
      "width": 3745,
      "height": 2106,
      "K": [
        [
          3012.217142479244,
          0.0,
          1872.5
        ],
        [
          0.0,
          3012.217142479244,
          1053.0
        ],
        [
          0.0,
          0.0,
          1.0
        ]
      ],
      "R": [
        [
          -0.029495026586552564,
          0.10627854597429566,
          -0.9938988449898953
        ],
        [
          -0.10581566113475264,
          0.9884121769992925,
          0.10883204591541289
        ],
        [
          0.9939482326888427,
          0.10838006747141683,
          -0.017907308832356028
        ]
      ],
      "T": [
        3.7531406175220887,
        -0.4297259930301085,
        2.297190576454794
      ]
    },
    {
      "cam_index": 6,
      "image_name": "008001.png",
      "mask_folder": "008001",
      "width": 3784,
      "height": 2128,
      "K": [
        [
          3484.459860429508,
          0.0,
          1892.0
        ],
        [
          0.0,
          3484.459860429508,
          1064.0
        ],
        [
          0.0,
          0.0,
          1.0
        ]
      ],
      "R": [
        [
          0.24662862137534014,
          0.11868017076718917,
          -0.9618156477127882
        ],
        [
          -0.07179706242897971,
          0.9919832457138514,
          0.10399241342320087
        ],
        [
          0.9664468453800594,
          0.04340803254794615,
          0.2531723479474963
        ]
      ],
      "T": [
        2.4765420107062086,
        -0.3229501942139519,
        1.625243276127531
      ]
    },
    {
      "cam_index": 7,
      "image_name": "009001.png",
      "mask_folder": "009001",
      "width": 3802,
      "height": 2138,
      "K": [
        [
          3051.7087784280156,
          0.0,
          1901.0
        ],
        [
          0.0,
          3051.7087784280156,
          1069.0
        ],
        [
          0.0,
          0.0,
          1.0
        ]
      ],
      "R": [
        [
          0.5242076950863612,
          0.09067899904414338,
          -0.846748847973587
        ],
        [
          -0.06637550876081548,
          0.9956404230754153,
          0.06553197521020462
        ],
        [
          0.8489997551524897,
          0.021851019897483306,
          0.5279412360106497
        ]
      ],
      "T": [
        1.3984165780340416,
        -0.24884232671759718,
        0.6148334255079697
      ]
    },
    {
      "cam_index": 8,
      "image_name": "010001.png",
      "mask_folder": "010001",
      "width": 3789,
      "height": 2131,
      "K": [
        [
          3050.1044775167857,
          0.0,
          1894.5
        ],
        [
          0.0,
          3050.1044775167857,
          1065.5
        ],
        [
          0.0,
          0.0,
          1.0
        ]
      ],
      "R": [
        [
          0.6868978831269417,
          0.09201241854763052,
          -0.720905689385749
        ],
        [
          -0.08765469694830715,
          0.9952005889423768,
          0.04350220536532298
        ],
        [
          0.7214485097764266,
          0.033309196954624434,
          0.6916664984944776
        ]
      ],
      "T": [
        0.3671021868144953,
        -0.21641331252281684,
        0.48604878199134305
      ]
    },
    {
      "cam_index": 9,
      "image_name": "012001.png",
      "mask_folder": "012001",
      "width": 3751,
      "height": 2109,