{
  "cameras": [
    {
      "cam_index": 0,
      "image_name": "001001_time_00000.png",
      "mask_folder": "001001",
      "width": 3840,
      "height": 2160,
      "K": [
        [
          3000.5814519931596,
          0.0,
          1920.0
        ],
        [
          0.0,
          3000.5814519931596,
          1080.0
        ],
        [
          0.0,
          0.0,
          1.0
        ]
      ],
      "R": [
        [
          -0.41778482795244276,
          0.15499692968028184,
          -0.8952272277597644
        ],
        [
          -0.08869775689385449,
          0.9736755931931192,
          0.20997272951987353
        ],
        [
          0.9042060304237889,
          0.16712806768976016,
          -0.3930390101956045
        ]
      ],
      "T": [
        4.166950177997505,
        -0.6191966166442275,
        4.598938251994421
      ]
    },
    {
      "cam_index": 1,
      "image_name": "002001_time_00000.png",
      "mask_folder": "002001",
      "width": 3840,
      "height": 2160,
      "K": [
        [
          3023.84480861941,
          0.0,
          1920.0
        ],
        [
          0.0,
          3023.84480861941,
          1080.0
        ],
        [
          0.0,
          0.0,
          1.0
        ]
      ],
      "R": [
        [
          -0.3116751396481823,
          0.1817966042556452,
          -0.9326352995712754
        ],
        [
          -0.0722377889756889,
          0.9741522938679174,
          0.21403039549507574
        ],
        [
          0.9474388155280478,
          0.13407946536659154,
          -0.29048646749516416
        ]
      ],
      "T": [
        3.9594187645828285,
        -0.640551427481276,
        4.066503808316101
      ]
    },
    {
      "cam_index": 2,
      "image_name": "003001_time_00000.png",
      "mask_folder": "003001",
      "width": 3840,
      "height": 2160,
      "K": [
        [
          2996.2302859199376,
          0.0,
          1920.0
        ],
        [
          0.0,
          2996.2302859199376,
          1080.0
        ],
        [
          0.0,
          0.0,
          1.0
        ]
      ],
      "R": [
        [
          -0.15540887681416438,
          0.17536036909524688,
          -0.9721609033272932
        ],
        [
          -0.0747201994254657,
          0.9792117415517977,
          0.18857692596103587
        ],
        [
          0.9850202905550619,
          0.10194658482692864,
          -0.1390752351676865
        ]
      ],
      "T": [
        3.9378784629174732,
        -0.5179897084314737,
        3.3494577260826617
      ]
    },
    {
      "cam_index": 3,
      "image_name": "004001_time_00000.png",
      "mask_folder": "004001",
      "width": 3840,
      "height": 2160,
      "K": [
        [
          3002.128678259536,
          0.0,
          1920.0
        ],
        [
          0.0,
          3002.128678259536,
          1080.0
        ],
        [
          0.0,
          0.0,
          1.0
        ]
      ],
      "R": [
        [
          -0.06534474929534806,
          0.1333380283939887,
          -0.9889140680178091
        ],
        [
          -0.10966531550713816,
          0.9840694974875496,
          0.1399312069887252
        ],
        [
          0.9918183212233217,
          0.11759334291789425,
          -0.049681217649596654
        ]
      ],
      "T": [
        3.6150982487588257,
        -0.4047908966747223,
        3.1381555318180685
      ]
    },
    {
      "cam_index": 4,
      "image_name": "005001_time_00000.png",
      "mask_folder": "005001",
      "width": 3840,
      "height": 2160,
      "K": [
        [
          3010.346680577415,
          0.0,
          1920.0
        ],
        [
          0.0,
          3010.346680577415,
          1080.0
        ],
        [
          0.0,
          0.0,
          1.0
        ]
      ],
      "R": [
        [
          0.06819429680496092,
          0.14254547269347495,
          -0.98743623900375
        ],
        [
          -0.08017824239840116,
          0.9873219941417345,
          0.13699171263215862
        ],
        [
          0.9944450650132365,
          0.0698288486127509,
          0.07875877457297942
        ]
      ],
      "T": [
        3.348905326157062,
        -0.3159309743011007,
        2.682263166465842
      ]
    },
    {
      "cam_index": 5,
      "image_name": "006001_time_00000.png",
      "mask_folder": "006001",
      "width": 3840,
      "height": 2160,
      "K": [
        [
          3009.151713362671,
          0.0,
          1920.0
        ],
        [
          0.0,
          3009.151713362671,
          1080.0
        ],
        [
          0.0,
          0.0,
          1.0
        ]
      ],
      "R": [
        [
          0.21889790863899616,
          0.14811885524794782,
          -0.9644399982961674
        ],
        [
          -0.10478578560845292,
          0.9862635878806106,
          0.127687408757811
        ],
        [
          0.970104965829932,
          0.0731090961570614,
          0.23141178736443935
        ]
      ],
      "T": [
        3.0290299530233153,
        -0.3629808079872254,
        2.291510933613743
      ]
    },
    {
      "cam_index": 6,
      "image_name": "008001_time_00000.png",
      "mask_folder": "008001",
      "width": 3840,
      "height": 2160,
      "K": [
        [
          3467.6463859952996,
          0.0,
          1920.0
        ],
        [
          0.0,
          3467.6463859952996,
          1080.0
        ],
        [
          0.0,
          0.0,
          1.0
        ]
      ],
      "R": [
        [
          0.4785488378228894,
          0.15046705386801554,
          -0.8650726417582756
        ],
        [
          -0.07016540698954601,
          0.9886104241302661,
          0.1331399450314097
        ],
        [
          0.8752530065531644,
          -0.0030157919780933323,
          0.48365595160029984
        ]
      ],
      "T": [
        1.9427319698385301,
        -0.2638331073443209,
        1.7699359628824933
      ]
    },
    {
      "cam_index": 7,
      "image_name": "009001_time_00000.png",
      "mask_folder": "009001",
      "width": 3840,
      "height": 2160,
      "K": [
        [
          3057.7086417202427,
          0.0,
          1920.0
        ],
        [
          0.0,
          3057.7086417202427,
          1080.0
        ],
        [
          0.0,
          0.0,
          1.0
        ]
      ],
      "R": [
        [
          0.7178494235412921,
          0.10694993813901046,
          -0.6879345287550963
        ],
        [
          -0.056529344644092705,
          0.9938213616582618,
          0.09551719377069062
        ],
        [
          0.6938995880641118,
          -0.02967847441800383,
          0.7194599014821298
        ]
      ],
      "T": [
        1.0746831152829788,
        -0.20408353059009682,
        0.9536674965964932
      ]
    },
    {
      "cam_index": 8,
      "image_name": "010001_time_00000.png",
      "mask_folder": "010001",
      "width": 3840,
      "height": 2160,
      "K": [
        [
          3048.97309669302,
          0.0,
          1920.0
        ],
        [
          0.0,
          3048.97309669302,
          1080.0
        ],
        [
          0.0,
          0.0,
          1.0
        ]
      ],
      "R": [
        [
          0.8444817206216159,
          0.0974355615385899,
          -0.5266468787371809
        ],
        [
          -0.07147875121665173,
          0.9950197345529789,
          0.0694731313143974
        ],
        [
          0.530793191045687,
          -0.02102472824507269,
          0.8472405497506347
        ]
      ],
      "T": [
        0.22191019556940278,
        -0.1891868208101071,
        0.8596904850164476
      ]
    },
    {
      "cam_index": 9,
      "image_name": "012001_time_00000.png",
      "mask_folder": "012001",
      "width": 3840,
      "height": 2160,